{
  "descriptives": [
    {
      "condition": "ralph",
      "label": "Ralph",
      "n": 45,
      "mean": 9.11111111111111,
      "sd": 0.7752484124524867,
      "median": 9.0,
      "min": 7.0,
      "max": 10.0,
      "ci_95_lo": 8.88888888888889,
      "ci_95_hi": 9.333333333333334
    },
    {
      "condition": "combined",
      "label": "Ralph + AttractorFlow",
      "n": 45,
      "mean": 9.044444444444444,
      "sd": 0.7371799939189501,
      "median": 9.0,
      "min": 7.0,
      "max": 10.0,
      "ci_95_lo": 8.822222222222223,
      "ci_95_hi": 9.266666666666667
    },
    {
      "condition": "attractor",
      "label": "AttractorFlow",
      "n": 45,
      "mean": 8.8,
      "sd": 1.2720777563426768,
      "median": 9.0,
      "min": 2.0,
      "max": 10.0,
      "ci_95_lo": 8.4,
      "ci_95_hi": 9.11111111111111
    }
  ],
  "normality": {
    "attractor": {
      "W": 0.6229131096777616,
      "p_value": 1.6170097290788953e-09,
      "n": 45,
      "normal": false
    },
    "combined": {
      "W": 0.827552747034496,
      "p_value": 1.0170761165147372e-05,
      "n": 45,
      "normal": false
    },
    "ralph": {
      "W": 0.8293268256988713,
      "p_value": 1.1216254463911367e-05,
      "n": 45,
      "normal": false
    }
  },
  "rm_anova": {
    "F": 1.7252826557613536,
    "df1": 2.0,
    "df2": 88.0,
    "p_value": 0.18409255208697306,
    "p_GG_corrected": 0.19366005750066284,
    "GG_epsilon": 0.6935876815426671,
    "partial_eta_sq": 0.019478967495219747,
    "sphericity_violated": false
  },
  "pairwise": [
    {
      "condition_a": "ralph",
      "condition_b": "attractor",
      "mean_a": 9.11111111111111,
      "mean_b": 8.8,
      "mean_diff": 0.3111111111111111,
      "ci_95_lo": 0.0,
      "ci_95_hi": 0.7111111111111111,
      "t_stat": 1.6588414468406023,
      "p_value": 0.10426052586599485,
      "p_bonferroni": 0.31278157759798453,
      "significant": "False",
      "cohen_d": 0.24728548260178276,
      "alpha_bonferroni": 0.016666666666666666
    },
    {
      "condition_a": "ralph",
      "condition_b": "combined",
      "mean_a": 9.11111111111111,
      "mean_b": 9.044444444444444,
      "mean_diff": 0.06666666666666667,
      "ci_95_lo": -0.13333333333333333,
      "ci_95_hi": 0.26666666666666666,
      "t_stat": 0.6212607441973955,
      "p_value": 0.5376335584811305,
      "p_bonferroni": 1.0,
      "significant": "False",
      "cohen_d": 0.09261208371837029,
      "alpha_bonferroni": 0.016666666666666666
    },
    {
      "condition_a": "attractor",
      "condition_b": "combined",
      "mean_a": 8.8,
      "mean_b": 9.044444444444444,
      "mean_diff": -0.24444444444444444,
      "ci_95_lo": -0.7111111111111111,
      "ci_95_hi": 0.1111111111111111,
      "t_stat": -1.1321025726294687,
      "p_value": 0.263723444327079,
      "p_bonferroni": 0.791170332981237,
      "significant": "False",
      "cohen_d": -0.1687638873266758,
      "alpha_bonferroni": 0.016666666666666666
    }
  ],
  "kruskal_iterations": {
    "H_stat": 7.939397220718162,
    "p_value": 0.018879122249664038,
    "variable": "iterations"
  },
  "lambda_quality_correlation": {
    "pearson_r": 0.07838146486164996,
    "p_value": 0.4627486004667324,
    "n": 90
  },
  "icc": {
    "ICC_type": "ICC(A,1)",
    "icc": 0.2858431018935975,
    "ci_95_lo": 0.11,
    "ci_95_hi": 0.48,
    "F": 2.225199690801338,
    "p_value": 0.0007354142447702371
  },
  "subgroup_anova": {
    "analysis": {
      "F": 0.15999999999999873,
      "p_value": 0.8526864423914656,
      "partial_eta_sq": 0.0034722222222221964,
      "n_tasks": 7,
      "n_obs": 63
    },
    "coding": {
      "F": 2.8749999999999947,
      "p_value": 0.0666027227528305,
      "partial_eta_sq": 0.07570518653321191,
      "n_tasks": 8,
      "n_obs": 72
    }
  },
  "power": {
    "n_per_condition": "45",
    "observed_F": 1.7252826557613536,
    "df1": 2,
    "df2": "88",
    "power_approx": 1.0,
    "alpha": 0.05
  },
  "n_trials": 135,
  "n_tasks": 15,
  "n_conditions": 3,
  "n_reps": 3
}